{
  "project_info": {
    "project_number": "343818465682",
    "firebase_url": "https://twitter-clone-6711e-default-rtdb.firebaseio.com",
    "project_id": "twitter-clone-6711e",
    "storage_bucket": "twitter-clone-6711e.appspot.com"
  },
  "client": [
    {
      "client_info": {
        "mobilesdk_app_id": "1:343818465682:android:2a17dbbda137eda1fc914b",
        "android_client_info": {
          "package_name": "com.example.twitter"
        }
      },
      "oauth_client": [
        {
          "client_id": "343818465682-v2b5humjr6rm9icbetdrqh1bagsijnfv.apps.googleusercontent.com",
          "client_type": 3
        }
      ],
      "api_key": [
        {
          "current_key": "AIzaSyBx15_kPPclJxZeeHA1B3IcmNnVmCjt1-w"
        }
      ],
      "services": {
        "appinvite_service": {
          "other_platform_oauth_client": [
            {
              "client_id": "343818465682-v2b5humjr6rm9icbetdrqh1bagsijnfv.apps.googleusercontent.com",
              "client_type": 3
            }
          ]
        }
      }
    }
  ],
  "configuration_version": "1"
}